"TIME","GEO","ACL00","FREQUENC","SEX","AGE","UNIT","Value","Flag and Footnotes"
"2007","Belgium","Cinema","Never","Total","From 25 to 64 years","Percentage","34.5",""
"2007","Belgium","Cinema","From 1 to 6 times","Total","From 25 to 64 years","Percentage","48.9",""
"2007","Belgium","Cinema","At least once","Total","From 25 to 64 years","Percentage","56.5",""
"2007","Belgium","Cinema","More than 6 times","Total","From 25 to 64 years","Percentage","7.6",""
"2007","Belgium","Cinema","No response","Total","From 25 to 64 years","Percentage","9.0",""
"2007","Belgium","Theatre and concerts","Never","Total","From 25 to 64 years","Percentage","39.1",""
"2007","Belgium","Theatre and concerts","From 1 to 6 times","Total","From 25 to 64 years","Percentage","45.1",""
"2007","Belgium","Theatre and concerts","At least once","Total","From 25 to 64 years","Percentage","52.6",""
"2007","Belgium","Theatre and concerts","More than 6 times","Total","From 25 to 64 years","Percentage","7.5",""
"2007","Belgium","Theatre and concerts","No response","Total","From 25 to 64 years","Percentage","8.3",""
"2007","Belgium","Cultural sites (historical monuments, museums, art galleries or archaeological sites)","Never","Total","From 25 to 64 years","Percentage","41.5",""
"2007","Belgium","Cultural sites (historical monuments, museums, art galleries or archaeological sites)","From 1 to 6 times","Total","From 25 to 64 years","Percentage","40.8",""
"2007","Belgium","Cultural sites (historical monuments, museums, art galleries or archaeological sites)","At least once","Total","From 25 to 64 years","Percentage","47.3",""
"2007","Belgium","Cultural sites (historical monuments, museums, art galleries or archaeological sites)","More than 6 times","Total","From 25 to 64 years","Percentage","6.4",""
"2007","Belgium","Cultural sites (historical monuments, museums, art galleries or archaeological sites)","No response","Total","From 25 to 64 years","Percentage","11.3",""
"2007","Bulgaria","Cinema","Never","Total","From 25 to 64 years","Percentage","81.9",""
"2007","Bulgaria","Cinema","From 1 to 6 times","Total","From 25 to 64 years","Percentage","14.8",""
"2007","Bulgaria","Cinema","At least once","Total","From 25 to 64 years","Percentage","18.1",""
"2007","Bulgaria","Cinema","More than 6 times","Total","From 25 to 64 years","Percentage","3.4",""
"2007","Bulgaria","Cinema","No response","Total","From 25 to 64 years","Percentage",":",""
"2007","Bulgaria","Theatre and concerts","Never","Total","From 25 to 64 years","Percentage","60.1",""
"2007","Bulgaria","Theatre and concerts","From 1 to 6 times","Total","From 25 to 64 years","Percentage","35.7",""
"2007","Bulgaria","Theatre and concerts","At least once","Total","From 25 to 64 years","Percentage","39.9",""
"2007","Bulgaria","Theatre and concerts","More than 6 times","Total","From 25 to 64 years","Percentage","4.2",""
"2007","Bulgaria","Theatre and concerts","No response","Total","From 25 to 64 years","Percentage",":",""
"2007","Bulgaria","Cultural sites (historical monuments, museums, art galleries or archaeological sites)","Never","Total","From 25 to 64 years","Percentage","70.3",""
"2007","Bulgaria","Cultural sites (historical monuments, museums, art galleries or archaeological sites)","From 1 to 6 times","Total","From 25 to 64 years","Percentage","26.9",""
"2007","Bulgaria","Cultural sites (historical monuments, museums, art galleries or archaeological sites)","At least once","Total","From 25 to 64 years","Percentage","29.7",""
"2007","Bulgaria","Cultural sites (historical monuments, museums, art galleries or archaeological sites)","More than 6 times","Total","From 25 to 64 years","Percentage","2.8",""
"2007","Bulgaria","Cultural sites (historical monuments, museums, art galleries or archaeological sites)","No response","Total","From 25 to 64 years","Percentage",":",""
"2007","Czech Republic","Cinema","Never","Total","From 25 to 64 years","Percentage","51.4",""
"2007","Czech Republic","Cinema","From 1 to 6 times","Total","From 25 to 64 years","Percentage","39.6",""
"2007","Czech Republic","Cinema","At least once","Total","From 25 to 64 years","Percentage","48.3",""
"2007","Czech Republic","Cinema","More than 6 times","Total","From 25 to 64 years","Percentage","8.7",""
"2007","Czech Republic","Cinema","No response","Total","From 25 to 64 years","Percentage","0.3","u"
"2007","Czech Republic","Theatre and concerts","Never","Total","From 25 to 64 years","Percentage","48.0",""
"2007","Czech Republic","Theatre and concerts","From 1 to 6 times","Total","From 25 to 64 years","Percentage","43.3",""
"2007","Czech Republic","Theatre and concerts","At least once","Total","From 25 to 64 years","Percentage","51.8",""
"2007","Czech Republic","Theatre and concerts","More than 6 times","Total","From 25 to 64 years","Percentage","8.5",""
"2007","Czech Republic","Theatre and concerts","No response","Total","From 25 to 64 years","Percentage",":","u"
"2007","Czech Republic","Cultural sites (historical monuments, museums, art galleries or archaeological sites)","Never","Total","From 25 to 64 years","Percentage","43.9",""
"2007","Czech Republic","Cultural sites (historical monuments, museums, art galleries or archaeological sites)","From 1 to 6 times","Total","From 25 to 64 years","Percentage","45.4",""
"2007","Czech Republic","Cultural sites (historical monuments, museums, art galleries or archaeological sites)","At least once","Total","From 25 to 64 years","Percentage","55.7",""
"2007","Czech Republic","Cultural sites (historical monuments, museums, art galleries or archaeological sites)","More than 6 times","Total","From 25 to 64 years","Percentage","10.3",""
"2007","Czech Republic","Cultural sites (historical monuments, museums, art galleries or archaeological sites)","No response","Total","From 25 to 64 years","Percentage","0.4","u"
"2007","Germany (until 1990 former territory of the FRG)","Cinema","Never","Total","From 25 to 64 years","Percentage","53.3",""
"2007","Germany (until 1990 former territory of the FRG)","Cinema","From 1 to 6 times","Total","From 25 to 64 years","Percentage",":",""
"2007","Germany (until 1990 former territory of the FRG)","Cinema","At least once","Total","From 25 to 64 years","Percentage","46.5",""
"2007","Germany (until 1990 former territory of the FRG)","Cinema","More than 6 times","Total","From 25 to 64 years","Percentage",":",""
"2007","Germany (until 1990 former territory of the FRG)","Cinema","No response","Total","From 25 to 64 years","Percentage",":","u"
"2007","Germany (until 1990 former territory of the FRG)","Theatre and concerts","Never","Total","From 25 to 64 years","Percentage","60.3",""
"2007","Germany (until 1990 former territory of the FRG)","Theatre and concerts","From 1 to 6 times","Total","From 25 to 64 years","Percentage",":",""
"2007","Germany (until 1990 former territory of the FRG)","Theatre and concerts","At least once","Total","From 25 to 64 years","Percentage","39.5",""
"2007","Germany (until 1990 former territory of the FRG)","Theatre and concerts","More than 6 times","Total","From 25 to 64 years","Percentage",":",""
"2007","Germany (until 1990 former territory of the FRG)","Theatre and concerts","No response","Total","From 25 to 64 years","Percentage",":","u"
"2007","Germany (until 1990 former territory of the FRG)","Cultural sites (historical monuments, museums, art galleries or archaeological sites)","Never","Total","From 25 to 64 years","Percentage","50.0",""
"2007","Germany (until 1990 former territory of the FRG)","Cultural sites (historical monuments, museums, art galleries or archaeological sites)","From 1 to 6 times","Total","From 25 to 64 years","Percentage",":",""
"2007","Germany (until 1990 former territory of the FRG)","Cultural sites (historical monuments, museums, art galleries or archaeological sites)","At least once","Total","From 25 to 64 years","Percentage","49.8",""
"2007","Germany (until 1990 former territory of the FRG)","Cultural sites (historical monuments, museums, art galleries or archaeological sites)","More than 6 times","Total","From 25 to 64 years","Percentage",":",""
"2007","Germany (until 1990 former territory of the FRG)","Cultural sites (historical monuments, museums, art galleries or archaeological sites)","No response","Total","From 25 to 64 years","Percentage",":","u"
"2007","Estonia","Cinema","Never","Total","From 25 to 64 years","Percentage","63.6",""
"2007","Estonia","Cinema","From 1 to 6 times","Total","From 25 to 64 years","Percentage","32.6",""
"2007","Estonia","Cinema","At least once","Total","From 25 to 64 years","Percentage","36.4",""
"2007","Estonia","Cinema","More than 6 times","Total","From 25 to 64 years","Percentage","3.9",""
"2007","Estonia","Cinema","No response","Total","From 25 to 64 years","Percentage",":",""
"2007","Estonia","Theatre and concerts","Never","Total","From 25 to 64 years","Percentage","31.5",""
"2007","Estonia","Theatre and concerts","From 1 to 6 times","Total","From 25 to 64 years","Percentage","61.0",""
"2007","Estonia","Theatre and concerts","At least once","Total","From 25 to 64 years","Percentage","68.5",""
"2007","Estonia","Theatre and concerts","More than 6 times","Total","From 25 to 64 years","Percentage","7.5",""
"2007","Estonia","Theatre and concerts","No response","Total","From 25 to 64 years","Percentage",":",""
"2007","Estonia","Cultural sites (historical monuments, museums, art galleries or archaeological sites)","Never","Total","From 25 to 64 years","Percentage","50.0",""
"2007","Estonia","Cultural sites (historical monuments, museums, art galleries or archaeological sites)","From 1 to 6 times","Total","From 25 to 64 years","Percentage","44.6",""
"2007","Estonia","Cultural sites (historical monuments, museums, art galleries or archaeological sites)","At least once","Total","From 25 to 64 years","Percentage","50.0",""
"2007","Estonia","Cultural sites (historical monuments, museums, art galleries or archaeological sites)","More than 6 times","Total","From 25 to 64 years","Percentage","5.4",""
"2007","Estonia","Cultural sites (historical monuments, museums, art galleries or archaeological sites)","No response","Total","From 25 to 64 years","Percentage",":",""
"2007","Greece","Cinema","Never","Total","From 25 to 64 years","Percentage","49.8",""
"2007","Greece","Cinema","From 1 to 6 times","Total","From 25 to 64 years","Percentage","40.1",""
"2007","Greece","Cinema","At least once","Total","From 25 to 64 years","Percentage","49.1",""
"2007","Greece","Cinema","More than 6 times","Total","From 25 to 64 years","Percentage","8.9",""
"2007","Greece","Cinema","No response","Total","From 25 to 64 years","Percentage","1.1",""
"2007","Greece","Theatre and concerts","Never","Total","From 25 to 64 years","Percentage","54.8",""
"2007","Greece","Theatre and concerts","From 1 to 6 times","Total","From 25 to 64 years","Percentage","40.7",""
"2007","Greece","Theatre and concerts","At least once","Total","From 25 to 64 years","Percentage","43.8",""
"2007","Greece","Theatre and concerts","More than 6 times","Total","From 25 to 64 years","Percentage","3.1",""
"2007","Greece","Theatre and concerts","No response","Total","From 25 to 64 years","Percentage","1.4",""
"2007","Greece","Cultural sites (historical monuments, museums, art galleries or archaeological sites)","Never","Total","From 25 to 64 years","Percentage","72.5",""
"2007","Greece","Cultural sites (historical monuments, museums, art galleries or archaeological sites)","From 1 to 6 times","Total","From 25 to 64 years","Percentage","23.2",""
"2007","Greece","Cultural sites (historical monuments, museums, art galleries or archaeological sites)","At least once","Total","From 25 to 64 years","Percentage","25.4",""
"2007","Greece","Cultural sites (historical monuments, museums, art galleries or archaeological sites)","More than 6 times","Total","From 25 to 64 years","Percentage","2.2",""
"2007","Greece","Cultural sites (historical monuments, museums, art galleries or archaeological sites)","No response","Total","From 25 to 64 years","Percentage","2.1",""
"2007","Spain","Cinema","Never","Total","From 25 to 64 years","Percentage","38.5",""
"2007","Spain","Cinema","From 1 to 6 times","Total","From 25 to 64 years","Percentage","36.4",""
"2007","Spain","Cinema","At least once","Total","From 25 to 64 years","Percentage","61.1",""
"2007","Spain","Cinema","More than 6 times","Total","From 25 to 64 years","Percentage","24.7",""
"2007","Spain","Cinema","No response","Total","From 25 to 64 years","Percentage","0.4",""
"2007","Spain","Theatre and concerts","Never","Total","From 25 to 64 years","Percentage","58.3",""
"2007","Spain","Theatre and concerts","From 1 to 6 times","Total","From 25 to 64 years","Percentage","34.3",""
"2007","Spain","Theatre and concerts","At least once","Total","From 25 to 64 years","Percentage","41.2",""
"2007","Spain","Theatre and concerts","More than 6 times","Total","From 25 to 64 years","Percentage","6.9",""
"2007","Spain","Theatre and concerts","No response","Total","From 25 to 64 years","Percentage","0.5",""
"2007","Spain","Cultural sites (historical monuments, museums, art galleries or archaeological sites)","Never","Total","From 25 to 64 years","Percentage","50.3",""
"2007","Spain","Cultural sites (historical monuments, museums, art galleries or archaeological sites)","From 1 to 6 times","Total","From 25 to 64 years","Percentage","40.3",""
"2007","Spain","Cultural sites (historical monuments, museums, art galleries or archaeological sites)","At least once","Total","From 25 to 64 years","Percentage","49.3",""
"2007","Spain","Cultural sites (historical monuments, museums, art galleries or archaeological sites)","More than 6 times","Total","From 25 to 64 years","Percentage","8.9",""
"2007","Spain","Cultural sites (historical monuments, museums, art galleries or archaeological sites)","No response","Total","From 25 to 64 years","Percentage","0.5",""
"2007","Croatia","Cinema","Never","Total","From 25 to 64 years","Percentage","74.4",""
"2007","Croatia","Cinema","From 1 to 6 times","Total","From 25 to 64 years","Percentage","18.1",""
"2007","Croatia","Cinema","At least once","Total","From 25 to 64 years","Percentage","24.6",""
"2007","Croatia","Cinema","More than 6 times","Total","From 25 to 64 years","Percentage","6.5",""
"2007","Croatia","Cinema","No response","Total","From 25 to 64 years","Percentage","1.0","u"
"2007","Croatia","Theatre and concerts","Never","Total","From 25 to 64 years","Percentage","68.0",""
"2007","Croatia","Theatre and concerts","From 1 to 6 times","Total","From 25 to 64 years","Percentage","25.1",""
"2007","Croatia","Theatre and concerts","At least once","Total","From 25 to 64 years","Percentage","30.8",""
"2007","Croatia","Theatre and concerts","More than 6 times","Total","From 25 to 64 years","Percentage","5.7",""
"2007","Croatia","Theatre and concerts","No response","Total","From 25 to 64 years","Percentage","1.1","u"
"2007","Croatia","Cultural sites (historical monuments, museums, art galleries or archaeological sites)","Never","Total","From 25 to 64 years","Percentage","68.4",""
"2007","Croatia","Cultural sites (historical monuments, museums, art galleries or archaeological sites)","From 1 to 6 times","Total","From 25 to 64 years","Percentage","24.1",""
"2007","Croatia","Cultural sites (historical monuments, museums, art galleries or archaeological sites)","At least once","Total","From 25 to 64 years","Percentage","30.5",""
"2007","Croatia","Cultural sites (historical monuments, museums, art galleries or archaeological sites)","More than 6 times","Total","From 25 to 64 years","Percentage","6.3",""
"2007","Croatia","Cultural sites (historical monuments, museums, art galleries or archaeological sites)","No response","Total","From 25 to 64 years","Percentage","1.1","u"
"2007","Italy","Cinema","Never","Total","From 25 to 64 years","Percentage","46.7",""
"2007","Italy","Cinema","From 1 to 6 times","Total","From 25 to 64 years","Percentage","39.0",""
"2007","Italy","Cinema","At least once","Total","From 25 to 64 years","Percentage","51.0",""
"2007","Italy","Cinema","More than 6 times","Total","From 25 to 64 years","Percentage","12.0",""
"2007","Italy","Cinema","No response","Total","From 25 to 64 years","Percentage","2.2",""
"2007","Italy","Theatre and concerts","Never","Total","From 25 to 64 years","Percentage","66.1",""
"2007","Italy","Theatre and concerts","From 1 to 6 times","Total","From 25 to 64 years","Percentage","28.3",""
"2007","Italy","Theatre and concerts","At least once","Total","From 25 to 64 years","Percentage","31.6",""
"2007","Italy","Theatre and concerts","More than 6 times","Total","From 25 to 64 years","Percentage","3.2",""
"2007","Italy","Theatre and concerts","No response","Total","From 25 to 64 years","Percentage","2.4",""
"2007","Italy","Cultural sites (historical monuments, museums, art galleries or archaeological sites)","Never","Total","From 25 to 64 years","Percentage","51.1",""
"2007","Italy","Cultural sites (historical monuments, museums, art galleries or archaeological sites)","From 1 to 6 times","Total","From 25 to 64 years","Percentage","40.4",""
"2007","Italy","Cultural sites (historical monuments, museums, art galleries or archaeological sites)","At least once","Total","From 25 to 64 years","Percentage","45.9",""
"2007","Italy","Cultural sites (historical monuments, museums, art galleries or archaeological sites)","More than 6 times","Total","From 25 to 64 years","Percentage","5.5",""
"2007","Italy","Cultural sites (historical monuments, museums, art galleries or archaeological sites)","No response","Total","From 25 to 64 years","Percentage","3.0",""
"2007","Cyprus","Cinema","Never","Total","From 25 to 64 years","Percentage","65.1",""
"2007","Cyprus","Cinema","From 1 to 6 times","Total","From 25 to 64 years","Percentage","27.5",""
"2007","Cyprus","Cinema","At least once","Total","From 25 to 64 years","Percentage","34.9",""
"2007","Cyprus","Cinema","More than 6 times","Total","From 25 to 64 years","Percentage","7.4",""
"2007","Cyprus","Cinema","No response","Total","From 25 to 64 years","Percentage",":","u"
"2007","Cyprus","Theatre and concerts","Never","Total","From 25 to 64 years","Percentage","38.8",""
"2007","Cyprus","Theatre and concerts","From 1 to 6 times","Total","From 25 to 64 years","Percentage","54.1",""
"2007","Cyprus","Theatre and concerts","At least once","Total","From 25 to 64 years","Percentage","61.2",""
"2007","Cyprus","Theatre and concerts","More than 6 times","Total","From 25 to 64 years","Percentage","7.1",""
"2007","Cyprus","Theatre and concerts","No response","Total","From 25 to 64 years","Percentage",":",""
"2007","Cyprus","Cultural sites (historical monuments, museums, art galleries or archaeological sites)","Never","Total","From 25 to 64 years","Percentage","56.0",""
"2007","Cyprus","Cultural sites (historical monuments, museums, art galleries or archaeological sites)","From 1 to 6 times","Total","From 25 to 64 years","Percentage","39.4",""
"2007","Cyprus","Cultural sites (historical monuments, museums, art galleries or archaeological sites)","At least once","Total","From 25 to 64 years","Percentage","44.0",""
"2007","Cyprus","Cultural sites (historical monuments, museums, art galleries or archaeological sites)","More than 6 times","Total","From 25 to 64 years","Percentage","4.6",""
"2007","Cyprus","Cultural sites (historical monuments, museums, art galleries or archaeological sites)","No response","Total","From 25 to 64 years","Percentage",":",""
"2007","Latvia","Cinema","Never","Total","From 25 to 64 years","Percentage","67.4",""
"2007","Latvia","Cinema","From 1 to 6 times","Total","From 25 to 64 years","Percentage","25.2",""
"2007","Latvia","Cinema","At least once","Total","From 25 to 64 years","Percentage","31.9",""
"2007","Latvia","Cinema","More than 6 times","Total","From 25 to 64 years","Percentage","6.7",""
"2007","Latvia","Cinema","No response","Total","From 25 to 64 years","Percentage",":","u"
"2007","Latvia","Theatre and concerts","Never","Total","From 25 to 64 years","Percentage","40.4",""
"2007","Latvia","Theatre and concerts","From 1 to 6 times","Total","From 25 to 64 years","Percentage","49.5",""
"2007","Latvia","Theatre and concerts","At least once","Total","From 25 to 64 years","Percentage","58.9",""
"2007","Latvia","Theatre and concerts","More than 6 times","Total","From 25 to 64 years","Percentage","9.4",""
"2007","Latvia","Theatre and concerts","No response","Total","From 25 to 64 years","Percentage",":","u"
"2007","Latvia","Cultural sites (historical monuments, museums, art galleries or archaeological sites)","Never","Total","From 25 to 64 years","Percentage","56.0",""
"2007","Latvia","Cultural sites (historical monuments, museums, art galleries or archaeological sites)","From 1 to 6 times","Total","From 25 to 64 years","Percentage","38.1",""
"2007","Latvia","Cultural sites (historical monuments, museums, art galleries or archaeological sites)","At least once","Total","From 25 to 64 years","Percentage","43.3",""
"2007","Latvia","Cultural sites (historical monuments, museums, art galleries or archaeological sites)","More than 6 times","Total","From 25 to 64 years","Percentage","5.2",""
"2007","Latvia","Cultural sites (historical monuments, museums, art galleries or archaeological sites)","No response","Total","From 25 to 64 years","Percentage",":","u"
"2007","Lithuania","Cinema","Never","Total","From 25 to 64 years","Percentage","71.8",""
"2007","Lithuania","Cinema","From 1 to 6 times","Total","From 25 to 64 years","Percentage","23.2",""
"2007","Lithuania","Cinema","At least once","Total","From 25 to 64 years","Percentage","28.2",""
"2007","Lithuania","Cinema","More than 6 times","Total","From 25 to 64 years","Percentage","5.0",""
"2007","Lithuania","Cinema","No response","Total","From 25 to 64 years","Percentage",":",""
"2007","Lithuania","Theatre and concerts","Never","Total","From 25 to 64 years","Percentage","35.7",""
"2007","Lithuania","Theatre and concerts","From 1 to 6 times","Total","From 25 to 64 years","Percentage","50.7",""
"2007","Lithuania","Theatre and concerts","At least once","Total","From 25 to 64 years","Percentage","64.3",""
"2007","Lithuania","Theatre and concerts","More than 6 times","Total","From 25 to 64 years","Percentage","13.6",""
"2007","Lithuania","Theatre and concerts","No response","Total","From 25 to 64 years","Percentage",":",""
"2007","Lithuania","Cultural sites (historical monuments, museums, art galleries or archaeological sites)","Never","Total","From 25 to 64 years","Percentage","75.8",""
"2007","Lithuania","Cultural sites (historical monuments, museums, art galleries or archaeological sites)","From 1 to 6 times","Total","From 25 to 64 years","Percentage","11.6",""
"2007","Lithuania","Cultural sites (historical monuments, museums, art galleries or archaeological sites)","At least once","Total","From 25 to 64 years","Percentage","24.2",""
"2007","Lithuania","Cultural sites (historical monuments, museums, art galleries or archaeological sites)","More than 6 times","Total","From 25 to 64 years","Percentage","12.6",""
"2007","Lithuania","Cultural sites (historical monuments, museums, art galleries or archaeological sites)","No response","Total","From 25 to 64 years","Percentage",":",""
"2007","Luxembourg","Cinema","Never","Total","From 25 to 64 years","Percentage",":",""
"2007","Luxembourg","Cinema","From 1 to 6 times","Total","From 25 to 64 years","Percentage",":",""
"2007","Luxembourg","Cinema","At least once","Total","From 25 to 64 years","Percentage",":",""
"2007","Luxembourg","Cinema","More than 6 times","Total","From 25 to 64 years","Percentage",":",""
"2007","Luxembourg","Cinema","No response","Total","From 25 to 64 years","Percentage",":",""
"2007","Luxembourg","Theatre and concerts","Never","Total","From 25 to 64 years","Percentage",":",""
"2007","Luxembourg","Theatre and concerts","From 1 to 6 times","Total","From 25 to 64 years","Percentage",":",""
"2007","Luxembourg","Theatre and concerts","At least once","Total","From 25 to 64 years","Percentage",":",""
"2007","Luxembourg","Theatre and concerts","More than 6 times","Total","From 25 to 64 years","Percentage",":",""
"2007","Luxembourg","Theatre and concerts","No response","Total","From 25 to 64 years","Percentage",":",""
"2007","Luxembourg","Cultural sites (historical monuments, museums, art galleries or archaeological sites)","Never","Total","From 25 to 64 years","Percentage",":",""
"2007","Luxembourg","Cultural sites (historical monuments, museums, art galleries or archaeological sites)","From 1 to 6 times","Total","From 25 to 64 years","Percentage",":",""
"2007","Luxembourg","Cultural sites (historical monuments, museums, art galleries or archaeological sites)","At least once","Total","From 25 to 64 years","Percentage",":",""
"2007","Luxembourg","Cultural sites (historical monuments, museums, art galleries or archaeological sites)","More than 6 times","Total","From 25 to 64 years","Percentage",":",""
"2007","Luxembourg","Cultural sites (historical monuments, museums, art galleries or archaeological sites)","No response","Total","From 25 to 64 years","Percentage",":",""
"2007","Hungary","Cinema","Never","Total","From 25 to 64 years","Percentage","62.7",""
"2007","Hungary","Cinema","From 1 to 6 times","Total","From 25 to 64 years","Percentage","32.6",""
"2007","Hungary","Cinema","At least once","Total","From 25 to 64 years","Percentage","37.3",""
"2007","Hungary","Cinema","More than 6 times","Total","From 25 to 64 years","Percentage","4.7",""
"2007","Hungary","Cinema","No response","Total","From 25 to 64 years","Percentage",":",""
"2007","Hungary","Theatre and concerts","Never","Total","From 25 to 64 years","Percentage","60.6",""
"2007","Hungary","Theatre and concerts","From 1 to 6 times","Total","From 25 to 64 years","Percentage","35.9",""
"2007","Hungary","Theatre and concerts","At least once","Total","From 25 to 64 years","Percentage","39.4",""
"2007","Hungary","Theatre and concerts","More than 6 times","Total","From 25 to 64 years","Percentage","3.5",""
"2007","Hungary","Theatre and concerts","No response","Total","From 25 to 64 years","Percentage",":",""
"2007","Hungary","Cultural sites (historical monuments, museums, art galleries or archaeological sites)","Never","Total","From 25 to 64 years","Percentage","62.2",""
"2007","Hungary","Cultural sites (historical monuments, museums, art galleries or archaeological sites)","From 1 to 6 times","Total","From 25 to 64 years","Percentage","34.6",""
"2007","Hungary","Cultural sites (historical monuments, museums, art galleries or archaeological sites)","At least once","Total","From 25 to 64 years","Percentage","37.8",""
"2007","Hungary","Cultural sites (historical monuments, museums, art galleries or archaeological sites)","More than 6 times","Total","From 25 to 64 years","Percentage","3.2",""
"2007","Hungary","Cultural sites (historical monuments, museums, art galleries or archaeological sites)","No response","Total","From 25 to 64 years","Percentage",":",""
"2007","Malta","Cinema","Never","Total","From 25 to 64 years","Percentage",":",""
"2007","Malta","Cinema","From 1 to 6 times","Total","From 25 to 64 years","Percentage",":",""
"2007","Malta","Cinema","At least once","Total","From 25 to 64 years","Percentage",":",""
"2007","Malta","Cinema","More than 6 times","Total","From 25 to 64 years","Percentage",":",""
"2007","Malta","Cinema","No response","Total","From 25 to 64 years","Percentage",":",""
"2007","Malta","Theatre and concerts","Never","Total","From 25 to 64 years","Percentage",":",""
"2007","Malta","Theatre and concerts","From 1 to 6 times","Total","From 25 to 64 years","Percentage",":",""
"2007","Malta","Theatre and concerts","At least once","Total","From 25 to 64 years","Percentage",":",""
"2007","Malta","Theatre and concerts","More than 6 times","Total","From 25 to 64 years","Percentage",":",""
"2007","Malta","Theatre and concerts","No response","Total","From 25 to 64 years","Percentage",":",""
"2007","Malta","Cultural sites (historical monuments, museums, art galleries or archaeological sites)","Never","Total","From 25 to 64 years","Percentage",":",""
"2007","Malta","Cultural sites (historical monuments, museums, art galleries or archaeological sites)","From 1 to 6 times","Total","From 25 to 64 years","Percentage",":",""
"2007","Malta","Cultural sites (historical monuments, museums, art galleries or archaeological sites)","At least once","Total","From 25 to 64 years","Percentage",":",""
"2007","Malta","Cultural sites (historical monuments, museums, art galleries or archaeological sites)","More than 6 times","Total","From 25 to 64 years","Percentage",":",""
"2007","Malta","Cultural sites (historical monuments, museums, art galleries or archaeological sites)","No response","Total","From 25 to 64 years","Percentage",":",""
"2007","Austria","Cinema","Never","Total","From 25 to 64 years","Percentage","45.3",""
"2007","Austria","Cinema","From 1 to 6 times","Total","From 25 to 64 years","Percentage","43.8",""
"2007","Austria","Cinema","At least once","Total","From 25 to 64 years","Percentage","54.5",""
"2007","Austria","Cinema","More than 6 times","Total","From 25 to 64 years","Percentage","10.6",""
"2007","Austria","Cinema","No response","Total","From 25 to 64 years","Percentage",":","u"
"2007","Austria","Theatre and concerts","Never","Total","From 25 to 64 years","Percentage","44.3",""
"2007","Austria","Theatre and concerts","From 1 to 6 times","Total","From 25 to 64 years","Percentage","44.3",""
"2007","Austria","Theatre and concerts","At least once","Total","From 25 to 64 years","Percentage","55.4",""
"2007","Austria","Theatre and concerts","More than 6 times","Total","From 25 to 64 years","Percentage","11.1",""
"2007","Austria","Theatre and concerts","No response","Total","From 25 to 64 years","Percentage",":","u"
"2007","Austria","Cultural sites (historical monuments, museums, art galleries or archaeological sites)","Never","Total","From 25 to 64 years","Percentage","37.8",""
"2007","Austria","Cultural sites (historical monuments, museums, art galleries or archaeological sites)","From 1 to 6 times","Total","From 25 to 64 years","Percentage","49.9",""
"2007","Austria","Cultural sites (historical monuments, museums, art galleries or archaeological sites)","At least once","Total","From 25 to 64 years","Percentage","61.9",""
"2007","Austria","Cultural sites (historical monuments, museums, art galleries or archaeological sites)","More than 6 times","Total","From 25 to 64 years","Percentage","12.1",""
"2007","Austria","Cultural sites (historical monuments, museums, art galleries or archaeological sites)","No response","Total","From 25 to 64 years","Percentage",":","u"
"2007","Poland","Cinema","Never","Total","From 25 to 64 years","Percentage","57.3",""
"2007","Poland","Cinema","From 1 to 6 times","Total","From 25 to 64 years","Percentage","36.6",""
"2007","Poland","Cinema","At least once","Total","From 25 to 64 years","Percentage","42.7",""
"2007","Poland","Cinema","More than 6 times","Total","From 25 to 64 years","Percentage","6.1",""
"2007","Poland","Cinema","No response","Total","From 25 to 64 years","Percentage",":",""
"2007","Poland","Theatre and concerts","Never","Total","From 25 to 64 years","Percentage","66.2",""
"2007","Poland","Theatre and concerts","From 1 to 6 times","Total","From 25 to 64 years","Percentage","29.5",""
"2007","Poland","Theatre and concerts","At least once","Total","From 25 to 64 years","Percentage","33.8",""
"2007","Poland","Theatre and concerts","More than 6 times","Total","From 25 to 64 years","Percentage","4.2",""
"2007","Poland","Theatre and concerts","No response","Total","From 25 to 64 years","Percentage",":",""
"2007","Poland","Cultural sites (historical monuments, museums, art galleries or archaeological sites)","Never","Total","From 25 to 64 years","Percentage","60.8",""
"2007","Poland","Cultural sites (historical monuments, museums, art galleries or archaeological sites)","From 1 to 6 times","Total","From 25 to 64 years","Percentage","34.0",""
"2007","Poland","Cultural sites (historical monuments, museums, art galleries or archaeological sites)","At least once","Total","From 25 to 64 years","Percentage","39.2",""
"2007","Poland","Cultural sites (historical monuments, museums, art galleries or archaeological sites)","More than 6 times","Total","From 25 to 64 years","Percentage","5.2",""
"2007","Poland","Cultural sites (historical monuments, museums, art galleries or archaeological sites)","No response","Total","From 25 to 64 years","Percentage",":",""
"2007","Portugal","Cinema","Never","Total","From 25 to 64 years","Percentage","59.7",""
"2007","Portugal","Cinema","From 1 to 6 times","Total","From 25 to 64 years","Percentage","30.1",""
"2007","Portugal","Cinema","At least once","Total","From 25 to 64 years","Percentage","40.3",""
"2007","Portugal","Cinema","More than 6 times","Total","From 25 to 64 years","Percentage","10.2",""
"2007","Portugal","Cinema","No response","Total","From 25 to 64 years","Percentage",":","u"
"2007","Portugal","Theatre and concerts","Never","Total","From 25 to 64 years","Percentage","44.4",""
"2007","Portugal","Theatre and concerts","From 1 to 6 times","Total","From 25 to 64 years","Percentage","49.4",""
"2007","Portugal","Theatre and concerts","At least once","Total","From 25 to 64 years","Percentage","55.6",""
"2007","Portugal","Theatre and concerts","More than 6 times","Total","From 25 to 64 years","Percentage","6.2",""
"2007","Portugal","Theatre and concerts","No response","Total","From 25 to 64 years","Percentage",":","u"
"2007","Portugal","Cultural sites (historical monuments, museums, art galleries or archaeological sites)","Never","Total","From 25 to 64 years","Percentage","57.3",""
"2007","Portugal","Cultural sites (historical monuments, museums, art galleries or archaeological sites)","From 1 to 6 times","Total","From 25 to 64 years","Percentage","37.2",""
"2007","Portugal","Cultural sites (historical monuments, museums, art galleries or archaeological sites)","At least once","Total","From 25 to 64 years","Percentage","42.7",""
"2007","Portugal","Cultural sites (historical monuments, museums, art galleries or archaeological sites)","More than 6 times","Total","From 25 to 64 years","Percentage","5.5",""
"2007","Portugal","Cultural sites (historical monuments, museums, art galleries or archaeological sites)","No response","Total","From 25 to 64 years","Percentage",":","u"
"2007","Romania","Cinema","Never","Total","From 25 to 64 years","Percentage","80.2",""
"2007","Romania","Cinema","From 1 to 6 times","Total","From 25 to 64 years","Percentage","16.3",""
"2007","Romania","Cinema","At least once","Total","From 25 to 64 years","Percentage","18.4",""
"2007","Romania","Cinema","More than 6 times","Total","From 25 to 64 years","Percentage","2.1",""
"2007","Romania","Cinema","No response","Total","From 25 to 64 years","Percentage","1.4",""
"2007","Romania","Theatre and concerts","Never","Total","From 25 to 64 years","Percentage","71.8",""
"2007","Romania","Theatre and concerts","From 1 to 6 times","Total","From 25 to 64 years","Percentage","24.1",""
"2007","Romania","Theatre and concerts","At least once","Total","From 25 to 64 years","Percentage","26.7",""
"2007","Romania","Theatre and concerts","More than 6 times","Total","From 25 to 64 years","Percentage","2.7",""
"2007","Romania","Theatre and concerts","No response","Total","From 25 to 64 years","Percentage","1.5",""
"2007","Romania","Cultural sites (historical monuments, museums, art galleries or archaeological sites)","Never","Total","From 25 to 64 years","Percentage","73.5",""
"2007","Romania","Cultural sites (historical monuments, museums, art galleries or archaeological sites)","From 1 to 6 times","Total","From 25 to 64 years","Percentage","22.5",""
"2007","Romania","Cultural sites (historical monuments, museums, art galleries or archaeological sites)","At least once","Total","From 25 to 64 years","Percentage","24.6",""
"2007","Romania","Cultural sites (historical monuments, museums, art galleries or archaeological sites)","More than 6 times","Total","From 25 to 64 years","Percentage","2.2",""
"2007","Romania","Cultural sites (historical monuments, museums, art galleries or archaeological sites)","No response","Total","From 25 to 64 years","Percentage","1.8",""
"2007","Slovenia","Cinema","Never","Total","From 25 to 64 years","Percentage","59.4",""
"2007","Slovenia","Cinema","From 1 to 6 times","Total","From 25 to 64 years","Percentage","32.5",""
"2007","Slovenia","Cinema","At least once","Total","From 25 to 64 years","Percentage","40.6",""
"2007","Slovenia","Cinema","More than 6 times","Total","From 25 to 64 years","Percentage","8.1",""
"2007","Slovenia","Cinema","No response","Total","From 25 to 64 years","Percentage",":",""
"2007","Slovenia","Theatre and concerts","Never","Total","From 25 to 64 years","Percentage","52.9",""
"2007","Slovenia","Theatre and concerts","From 1 to 6 times","Total","From 25 to 64 years","Percentage","38.3",""
"2007","Slovenia","Theatre and concerts","At least once","Total","From 25 to 64 years","Percentage","47.1",""
"2007","Slovenia","Theatre and concerts","More than 6 times","Total","From 25 to 64 years","Percentage","8.8",""
"2007","Slovenia","Theatre and concerts","No response","Total","From 25 to 64 years","Percentage",":",""
"2007","Slovenia","Cultural sites (historical monuments, museums, art galleries or archaeological sites)","Never","Total","From 25 to 64 years","Percentage","38.2",""
"2007","Slovenia","Cultural sites (historical monuments, museums, art galleries or archaeological sites)","From 1 to 6 times","Total","From 25 to 64 years","Percentage","52.5",""
"2007","Slovenia","Cultural sites (historical monuments, museums, art galleries or archaeological sites)","At least once","Total","From 25 to 64 years","Percentage","61.8",""
"2007","Slovenia","Cultural sites (historical monuments, museums, art galleries or archaeological sites)","More than 6 times","Total","From 25 to 64 years","Percentage","9.2",""
"2007","Slovenia","Cultural sites (historical monuments, museums, art galleries or archaeological sites)","No response","Total","From 25 to 64 years","Percentage",":",""
"2007","Slovakia","Cinema","Never","Total","From 25 to 64 years","Percentage","56.8",""
"2007","Slovakia","Cinema","From 1 to 6 times","Total","From 25 to 64 years","Percentage","38.2",""
"2007","Slovakia","Cinema","At least once","Total","From 25 to 64 years","Percentage","42.8",""
"2007","Slovakia","Cinema","More than 6 times","Total","From 25 to 64 years","Percentage","4.7",""
"2007","Slovakia","Cinema","No response","Total","From 25 to 64 years","Percentage",":","u"
"2007","Slovakia","Theatre and concerts","Never","Total","From 25 to 64 years","Percentage","44.3",""
"2007","Slovakia","Theatre and concerts","From 1 to 6 times","Total","From 25 to 64 years","Percentage","49.6",""
"2007","Slovakia","Theatre and concerts","At least once","Total","From 25 to 64 years","Percentage","55.2",""
"2007","Slovakia","Theatre and concerts","More than 6 times","Total","From 25 to 64 years","Percentage","5.6",""
"2007","Slovakia","Theatre and concerts","No response","Total","From 25 to 64 years","Percentage","0.5","u"
"2007","Slovakia","Cultural sites (historical monuments, museums, art galleries or archaeological sites)","Never","Total","From 25 to 64 years","Percentage","29.6",""
"2007","Slovakia","Cultural sites (historical monuments, museums, art galleries or archaeological sites)","From 1 to 6 times","Total","From 25 to 64 years","Percentage","61.3",""
"2007","Slovakia","Cultural sites (historical monuments, museums, art galleries or archaeological sites)","At least once","Total","From 25 to 64 years","Percentage","69.8",""
"2007","Slovakia","Cultural sites (historical monuments, museums, art galleries or archaeological sites)","More than 6 times","Total","From 25 to 64 years","Percentage","8.5",""
"2007","Slovakia","Cultural sites (historical monuments, museums, art galleries or archaeological sites)","No response","Total","From 25 to 64 years","Percentage","0.6","u"
"2007","Finland","Cinema","Never","Total","From 25 to 64 years","Percentage","47.8",""
"2007","Finland","Cinema","From 1 to 6 times","Total","From 25 to 64 years","Percentage","45.0",""
"2007","Finland","Cinema","At least once","Total","From 25 to 64 years","Percentage","52.1",""
"2007","Finland","Cinema","More than 6 times","Total","From 25 to 64 years","Percentage","7.1",""
"2007","Finland","Cinema","No response","Total","From 25 to 64 years","Percentage",":","u"
"2007","Finland","Theatre and concerts","Never","Total","From 25 to 64 years","Percentage","36.6",""
"2007","Finland","Theatre and concerts","From 1 to 6 times","Total","From 25 to 64 years","Percentage","53.0",""
"2007","Finland","Theatre and concerts","At least once","Total","From 25 to 64 years","Percentage","63.4",""
"2007","Finland","Theatre and concerts","More than 6 times","Total","From 25 to 64 years","Percentage","10.4",""
"2007","Finland","Theatre and concerts","No response","Total","From 25 to 64 years","Percentage",":","u"
"2007","Finland","Cultural sites (historical monuments, museums, art galleries or archaeological sites)","Never","Total","From 25 to 64 years","Percentage","47.4",""
"2007","Finland","Cultural sites (historical monuments, museums, art galleries or archaeological sites)","From 1 to 6 times","Total","From 25 to 64 years","Percentage","46.8",""
"2007","Finland","Cultural sites (historical monuments, museums, art galleries or archaeological sites)","At least once","Total","From 25 to 64 years","Percentage","52.6",""
"2007","Finland","Cultural sites (historical monuments, museums, art galleries or archaeological sites)","More than 6 times","Total","From 25 to 64 years","Percentage","5.8",""
"2007","Finland","Cultural sites (historical monuments, museums, art galleries or archaeological sites)","No response","Total","From 25 to 64 years","Percentage",":","u"
"2007","United Kingdom","Cinema","Never","Total","From 25 to 64 years","Percentage",":",""
"2007","United Kingdom","Cinema","From 1 to 6 times","Total","From 25 to 64 years","Percentage",":",""
"2007","United Kingdom","Cinema","At least once","Total","From 25 to 64 years","Percentage",":",""
"2007","United Kingdom","Cinema","More than 6 times","Total","From 25 to 64 years","Percentage",":",""
"2007","United Kingdom","Cinema","No response","Total","From 25 to 64 years","Percentage",":",""
"2007","United Kingdom","Theatre and concerts","Never","Total","From 25 to 64 years","Percentage",":",""
"2007","United Kingdom","Theatre and concerts","From 1 to 6 times","Total","From 25 to 64 years","Percentage",":",""
"2007","United Kingdom","Theatre and concerts","At least once","Total","From 25 to 64 years","Percentage",":",""
"2007","United Kingdom","Theatre and concerts","More than 6 times","Total","From 25 to 64 years","Percentage",":",""
"2007","United Kingdom","Theatre and concerts","No response","Total","From 25 to 64 years","Percentage",":",""
"2007","United Kingdom","Cultural sites (historical monuments, museums, art galleries or archaeological sites)","Never","Total","From 25 to 64 years","Percentage",":",""
"2007","United Kingdom","Cultural sites (historical monuments, museums, art galleries or archaeological sites)","From 1 to 6 times","Total","From 25 to 64 years","Percentage",":",""
"2007","United Kingdom","Cultural sites (historical monuments, museums, art galleries or archaeological sites)","At least once","Total","From 25 to 64 years","Percentage",":",""
"2007","United Kingdom","Cultural sites (historical monuments, museums, art galleries or archaeological sites)","More than 6 times","Total","From 25 to 64 years","Percentage",":",""
"2007","United Kingdom","Cultural sites (historical monuments, museums, art galleries or archaeological sites)","No response","Total","From 25 to 64 years","Percentage",":",""
"2007","Serbia","Cinema","Never","Total","From 25 to 64 years","Percentage",":",""
"2007","Serbia","Cinema","From 1 to 6 times","Total","From 25 to 64 years","Percentage",":",""
"2007","Serbia","Cinema","At least once","Total","From 25 to 64 years","Percentage",":",""
"2007","Serbia","Cinema","More than 6 times","Total","From 25 to 64 years","Percentage",":",""
"2007","Serbia","Cinema","No response","Total","From 25 to 64 years","Percentage",":",""
"2007","Serbia","Theatre and concerts","Never","Total","From 25 to 64 years","Percentage",":",""
"2007","Serbia","Theatre and concerts","From 1 to 6 times","Total","From 25 to 64 years","Percentage",":",""
"2007","Serbia","Theatre and concerts","At least once","Total","From 25 to 64 years","Percentage",":",""
"2007","Serbia","Theatre and concerts","More than 6 times","Total","From 25 to 64 years","Percentage",":",""
"2007","Serbia","Theatre and concerts","No response","Total","From 25 to 64 years","Percentage",":",""
"2007","Serbia","Cultural sites (historical monuments, museums, art galleries or archaeological sites)","Never","Total","From 25 to 64 years","Percentage",":",""
"2007","Serbia","Cultural sites (historical monuments, museums, art galleries or archaeological sites)","From 1 to 6 times","Total","From 25 to 64 years","Percentage",":",""
"2007","Serbia","Cultural sites (historical monuments, museums, art galleries or archaeological sites)","At least once","Total","From 25 to 64 years","Percentage",":",""
"2007","Serbia","Cultural sites (historical monuments, museums, art galleries or archaeological sites)","More than 6 times","Total","From 25 to 64 years","Percentage",":",""
"2007","Serbia","Cultural sites (historical monuments, museums, art galleries or archaeological sites)","No response","Total","From 25 to 64 years","Percentage",":",""
"2007","Turkey","Cinema","Never","Total","From 25 to 64 years","Percentage","81.2",""
"2007","Turkey","Cinema","From 1 to 6 times","Total","From 25 to 64 years","Percentage","15.0",""
"2007","Turkey","Cinema","At least once","Total","From 25 to 64 years","Percentage","18.8",""
"2007","Turkey","Cinema","More than 6 times","Total","From 25 to 64 years","Percentage","3.8",""
"2007","Turkey","Cinema","No response","Total","From 25 to 64 years","Percentage",":",""
"2007","Turkey","Theatre and concerts","Never","Total","From 25 to 64 years","Percentage","84.7",""
"2007","Turkey","Theatre and concerts","From 1 to 6 times","Total","From 25 to 64 years","Percentage","13.6",""
"2007","Turkey","Theatre and concerts","At least once","Total","From 25 to 64 years","Percentage","15.3",""
"2007","Turkey","Theatre and concerts","More than 6 times","Total","From 25 to 64 years","Percentage","1.8",""
"2007","Turkey","Theatre and concerts","No response","Total","From 25 to 64 years","Percentage",":",""
"2007","Turkey","Cultural sites (historical monuments, museums, art galleries or archaeological sites)","Never","Total","From 25 to 64 years","Percentage","77.9",""
"2007","Turkey","Cultural sites (historical monuments, museums, art galleries or archaeological sites)","From 1 to 6 times","Total","From 25 to 64 years","Percentage","19.5",""
"2007","Turkey","Cultural sites (historical monuments, museums, art galleries or archaeological sites)","At least once","Total","From 25 to 64 years","Percentage","22.1",""
"2007","Turkey","Cultural sites (historical monuments, museums, art galleries or archaeological sites)","More than 6 times","Total","From 25 to 64 years","Percentage","2.6",""
"2007","Turkey","Cultural sites (historical monuments, museums, art galleries or archaeological sites)","No response","Total","From 25 to 64 years","Percentage",":",""
"2011","Belgium","Cinema","Never","Total","From 25 to 64 years","Percentage",":",""
"2011","Belgium","Cinema","From 1 to 6 times","Total","From 25 to 64 years","Percentage",":",""
"2011","Belgium","Cinema","At least once","Total","From 25 to 64 years","Percentage",":",""
"2011","Belgium","Cinema","More than 6 times","Total","From 25 to 64 years","Percentage",":",""
"2011","Belgium","Cinema","No response","Total","From 25 to 64 years","Percentage",":",""
"2011","Belgium","Theatre and concerts","Never","Total","From 25 to 64 years","Percentage",":",""
"2011","Belgium","Theatre and concerts","From 1 to 6 times","Total","From 25 to 64 years","Percentage",":",""
"2011","Belgium","Theatre and concerts","At least once","Total","From 25 to 64 years","Percentage",":",""
"2011","Belgium","Theatre and concerts","More than 6 times","Total","From 25 to 64 years","Percentage",":",""
"2011","Belgium","Theatre and concerts","No response","Total","From 25 to 64 years","Percentage",":",""
"2011","Belgium","Cultural sites (historical monuments, museums, art galleries or archaeological sites)","Never","Total","From 25 to 64 years","Percentage",":",""
"2011","Belgium","Cultural sites (historical monuments, museums, art galleries or archaeological sites)","From 1 to 6 times","Total","From 25 to 64 years","Percentage",":",""
"2011","Belgium","Cultural sites (historical monuments, museums, art galleries or archaeological sites)","At least once","Total","From 25 to 64 years","Percentage",":",""
"2011","Belgium","Cultural sites (historical monuments, museums, art galleries or archaeological sites)","More than 6 times","Total","From 25 to 64 years","Percentage",":",""
"2011","Belgium","Cultural sites (historical monuments, museums, art galleries or archaeological sites)","No response","Total","From 25 to 64 years","Percentage",":",""
"2011","Bulgaria","Cinema","Never","Total","From 25 to 64 years","Percentage","73.5",""
"2011","Bulgaria","Cinema","From 1 to 6 times","Total","From 25 to 64 years","Percentage","21.7",""
"2011","Bulgaria","Cinema","At least once","Total","From 25 to 64 years","Percentage","25.5",""
"2011","Bulgaria","Cinema","More than 6 times","Total","From 25 to 64 years","Percentage","3.8",""
"2011","Bulgaria","Cinema","No response","Total","From 25 to 64 years","Percentage","1.0",""
"2011","Bulgaria","Theatre and concerts","Never","Total","From 25 to 64 years","Percentage","67.0",""
"2011","Bulgaria","Theatre and concerts","From 1 to 6 times","Total","From 25 to 64 years","Percentage","29.3",""
"2011","Bulgaria","Theatre and concerts","At least once","Total","From 25 to 64 years","Percentage","31.9",""
"2011","Bulgaria","Theatre and concerts","More than 6 times","Total","From 25 to 64 years","Percentage","2.6",""
"2011","Bulgaria","Theatre and concerts","No response","Total","From 25 to 64 years","Percentage","1.1",""
"2011","Bulgaria","Cultural sites (historical monuments, museums, art galleries or archaeological sites)","Never","Total","From 25 to 64 years","Percentage","70.2",""
"2011","Bulgaria","Cultural sites (historical monuments, museums, art galleries or archaeological sites)","From 1 to 6 times","Total","From 25 to 64 years","Percentage","25.5",""
"2011","Bulgaria","Cultural sites (historical monuments, museums, art galleries or archaeological sites)","At least once","Total","From 25 to 64 years","Percentage","28.2",""
"2011","Bulgaria","Cultural sites (historical monuments, museums, art galleries or archaeological sites)","More than 6 times","Total","From 25 to 64 years","Percentage","2.7",""
"2011","Bulgaria","Cultural sites (historical monuments, museums, art galleries or archaeological sites)","No response","Total","From 25 to 64 years","Percentage","1.6",""
"2011","Czech Republic","Cinema","Never","Total","From 25 to 64 years","Percentage","49.1",""
"2011","Czech Republic","Cinema","From 1 to 6 times","Total","From 25 to 64 years","Percentage","42.2",""
"2011","Czech Republic","Cinema","At least once","Total","From 25 to 64 years","Percentage","50.9",""
"2011","Czech Republic","Cinema","More than 6 times","Total","From 25 to 64 years","Percentage","8.7",""
"2011","Czech Republic","Cinema","No response","Total","From 25 to 64 years","Percentage",":",""
"2011","Czech Republic","Theatre and concerts","Never","Total","From 25 to 64 years","Percentage","42.4",""
"2011","Czech Republic","Theatre and concerts","From 1 to 6 times","Total","From 25 to 64 years","Percentage","47.0",""
"2011","Czech Republic","Theatre and concerts","At least once","Total","From 25 to 64 years","Percentage","57.6",""
"2011","Czech Republic","Theatre and concerts","More than 6 times","Total","From 25 to 64 years","Percentage","10.6",""
"2011","Czech Republic","Theatre and concerts","No response","Total","From 25 to 64 years","Percentage",":","u"
"2011","Czech Republic","Cultural sites (historical monuments, museums, art galleries or archaeological sites)","Never","Total","From 25 to 64 years","Percentage","39.6",""
"2011","Czech Republic","Cultural sites (historical monuments, museums, art galleries or archaeological sites)","From 1 to 6 times","Total","From 25 to 64 years","Percentage","49.2",""
"2011","Czech Republic","Cultural sites (historical monuments, museums, art galleries or archaeological sites)","At least once","Total","From 25 to 64 years","Percentage","60.4",""
"2011","Czech Republic","Cultural sites (historical monuments, museums, art galleries or archaeological sites)","More than 6 times","Total","From 25 to 64 years","Percentage","11.2",""
"2011","Czech Republic","Cultural sites (historical monuments, museums, art galleries or archaeological sites)","No response","Total","From 25 to 64 years","Percentage",":",""
"2011","Germany (until 1990 former territory of the FRG)","Cinema","Never","Total","From 25 to 64 years","Percentage","47.7",""
"2011","Germany (until 1990 former territory of the FRG)","Cinema","From 1 to 6 times","Total","From 25 to 64 years","Percentage","44.9",""
"2011","Germany (until 1990 former territory of the FRG)","Cinema","At least once","Total","From 25 to 64 years","Percentage","52.0",""
"2011","Germany (until 1990 former territory of the FRG)","Cinema","More than 6 times","Total","From 25 to 64 years","Percentage","7.1",""
"2011","Germany (until 1990 former territory of the FRG)","Cinema","No response","Total","From 25 to 64 years","Percentage",":","u"
"2011","Germany (until 1990 former territory of the FRG)","Theatre and concerts","Never","Total","From 25 to 64 years","Percentage","57.2",""
"2011","Germany (until 1990 former territory of the FRG)","Theatre and concerts","From 1 to 6 times","Total","From 25 to 64 years","Percentage","37.3",""
"2011","Germany (until 1990 former territory of the FRG)","Theatre and concerts","At least once","Total","From 25 to 64 years","Percentage","42.6",""
"2011","Germany (until 1990 former territory of the FRG)","Theatre and concerts","More than 6 times","Total","From 25 to 64 years","Percentage","5.3",""
"2011","Germany (until 1990 former territory of the FRG)","Theatre and concerts","No response","Total","From 25 to 64 years","Percentage",":","u"
"2011","Germany (until 1990 former territory of the FRG)","Cultural sites (historical monuments, museums, art galleries or archaeological sites)","Never","Total","From 25 to 64 years","Percentage","44.0",""
"2011","Germany (until 1990 former territory of the FRG)","Cultural sites (historical monuments, museums, art galleries or archaeological sites)","From 1 to 6 times","Total","From 25 to 64 years","Percentage","44.6",""
"2011","Germany (until 1990 former territory of the FRG)","Cultural sites (historical monuments, museums, art galleries or archaeological sites)","At least once","Total","From 25 to 64 years","Percentage","55.8",""
"2011","Germany (until 1990 former territory of the FRG)","Cultural sites (historical monuments, museums, art galleries or archaeological sites)","More than 6 times","Total","From 25 to 64 years","Percentage","11.2",""
"2011","Germany (until 1990 former territory of the FRG)","Cultural sites (historical monuments, museums, art galleries or archaeological sites)","No response","Total","From 25 to 64 years","Percentage",":","u"
"2011","Estonia","Cinema","Never","Total","From 25 to 64 years","Percentage","52.2",""
"2011","Estonia","Cinema","From 1 to 6 times","Total","From 25 to 64 years","Percentage","35.7",""
"2011","Estonia","Cinema","At least once","Total","From 25 to 64 years","Percentage","47.5",""
"2011","Estonia","Cinema","More than 6 times","Total","From 25 to 64 years","Percentage","11.7",""
"2011","Estonia","Cinema","No response","Total","From 25 to 64 years","Percentage",":","u"
"2011","Estonia","Theatre and concerts","Never","Total","From 25 to 64 years","Percentage","36.8",""
"2011","Estonia","Theatre and concerts","From 1 to 6 times","Total","From 25 to 64 years","Percentage","51.5",""
"2011","Estonia","Theatre and concerts","At least once","Total","From 25 to 64 years","Percentage","63.0",""
"2011","Estonia","Theatre and concerts","More than 6 times","Total","From 25 to 64 years","Percentage","11.5",""
"2011","Estonia","Theatre and concerts","No response","Total","From 25 to 64 years","Percentage",":","u"
"2011","Estonia","Cultural sites (historical monuments, museums, art galleries or archaeological sites)","Never","Total","From 25 to 64 years","Percentage","41.6",""
"2011","Estonia","Cultural sites (historical monuments, museums, art galleries or archaeological sites)","From 1 to 6 times","Total","From 25 to 64 years","Percentage","48.7",""
"2011","Estonia","Cultural sites (historical monuments, museums, art galleries or archaeological sites)","At least once","Total","From 25 to 64 years","Percentage","57.9",""
"2011","Estonia","Cultural sites (historical monuments, museums, art galleries or archaeological sites)","More than 6 times","Total","From 25 to 64 years","Percentage","9.2",""
"2011","Estonia","Cultural sites (historical monuments, museums, art galleries or archaeological sites)","No response","Total","From 25 to 64 years","Percentage",":","u"
"2011","Greece","Cinema","Never","Total","From 25 to 64 years","Percentage","55.9",""
"2011","Greece","Cinema","From 1 to 6 times","Total","From 25 to 64 years","Percentage","36.5",""
"2011","Greece","Cinema","At least once","Total","From 25 to 64 years","Percentage","42.1",""
"2011","Greece","Cinema","More than 6 times","Total","From 25 to 64 years","Percentage","5.6",""
"2011","Greece","Cinema","No response","Total","From 25 to 64 years","Percentage","2.0",""
"2011","Greece","Theatre and concerts","Never","Total","From 25 to 64 years","Percentage","49.8",""
"2011","Greece","Theatre and concerts","From 1 to 6 times","Total","From 25 to 64 years","Percentage","44.0",""
"2011","Greece","Theatre and concerts","At least once","Total","From 25 to 64 years","Percentage","48.5",""
"2011","Greece","Theatre and concerts","More than 6 times","Total","From 25 to 64 years","Percentage","4.5",""
"2011","Greece","Theatre and concerts","No response","Total","From 25 to 64 years","Percentage","1.7",""
"2011","Greece","Cultural sites (historical monuments, museums, art galleries or archaeological sites)","Never","Total","From 25 to 64 years","Percentage","70.1",""
"2011","Greece","Cultural sites (historical monuments, museums, art galleries or archaeological sites)","From 1 to 6 times","Total","From 25 to 64 years","Percentage","25.1",""
"2011","Greece","Cultural sites (historical monuments, museums, art galleries or archaeological sites)","At least once","Total","From 25 to 64 years","Percentage","27.4",""
"2011","Greece","Cultural sites (historical monuments, museums, art galleries or archaeological sites)","More than 6 times","Total","From 25 to 64 years","Percentage","2.3",""
"2011","Greece","Cultural sites (historical monuments, museums, art galleries or archaeological sites)","No response","Total","From 25 to 64 years","Percentage","2.5",""
"2011","Spain","Cinema","Never","Total","From 25 to 64 years","Percentage",":",""
"2011","Spain","Cinema","From 1 to 6 times","Total","From 25 to 64 years","Percentage",":",""
"2011","Spain","Cinema","At least once","Total","From 25 to 64 years","Percentage",":",""
"2011","Spain","Cinema","More than 6 times","Total","From 25 to 64 years","Percentage",":",""
"2011","Spain","Cinema","No response","Total","From 25 to 64 years","Percentage",":",""
"2011","Spain","Theatre and concerts","Never","Total","From 25 to 64 years","Percentage",":",""
"2011","Spain","Theatre and concerts","From 1 to 6 times","Total","From 25 to 64 years","Percentage",":",""
"2011","Spain","Theatre and concerts","At least once","Total","From 25 to 64 years","Percentage",":",""
"2011","Spain","Theatre and concerts","More than 6 times","Total","From 25 to 64 years","Percentage",":",""
"2011","Spain","Theatre and concerts","No response","Total","From 25 to 64 years","Percentage",":",""
"2011","Spain","Cultural sites (historical monuments, museums, art galleries or archaeological sites)","Never","Total","From 25 to 64 years","Percentage",":",""
"2011","Spain","Cultural sites (historical monuments, museums, art galleries or archaeological sites)","From 1 to 6 times","Total","From 25 to 64 years","Percentage",":",""
"2011","Spain","Cultural sites (historical monuments, museums, art galleries or archaeological sites)","At least once","Total","From 25 to 64 years","Percentage",":",""
"2011","Spain","Cultural sites (historical monuments, museums, art galleries or archaeological sites)","More than 6 times","Total","From 25 to 64 years","Percentage",":",""
"2011","Spain","Cultural sites (historical monuments, museums, art galleries or archaeological sites)","No response","Total","From 25 to 64 years","Percentage",":",""
"2011","Croatia","Cinema","Never","Total","From 25 to 64 years","Percentage",":",""
"2011","Croatia","Cinema","From 1 to 6 times","Total","From 25 to 64 years","Percentage",":",""
"2011","Croatia","Cinema","At least once","Total","From 25 to 64 years","Percentage",":",""
"2011","Croatia","Cinema","More than 6 times","Total","From 25 to 64 years","Percentage",":",""
"2011","Croatia","Cinema","No response","Total","From 25 to 64 years","Percentage",":",""
"2011","Croatia","Theatre and concerts","Never","Total","From 25 to 64 years","Percentage",":",""
"2011","Croatia","Theatre and concerts","From 1 to 6 times","Total","From 25 to 64 years","Percentage",":",""
"2011","Croatia","Theatre and concerts","At least once","Total","From 25 to 64 years","Percentage",":",""
"2011","Croatia","Theatre and concerts","More than 6 times","Total","From 25 to 64 years","Percentage",":",""
"2011","Croatia","Theatre and concerts","No response","Total","From 25 to 64 years","Percentage",":",""
"2011","Croatia","Cultural sites (historical monuments, museums, art galleries or archaeological sites)","Never","Total","From 25 to 64 years","Percentage",":",""
"2011","Croatia","Cultural sites (historical monuments, museums, art galleries or archaeological sites)","From 1 to 6 times","Total","From 25 to 64 years","Percentage",":",""
"2011","Croatia","Cultural sites (historical monuments, museums, art galleries or archaeological sites)","At least once","Total","From 25 to 64 years","Percentage",":",""
"2011","Croatia","Cultural sites (historical monuments, museums, art galleries or archaeological sites)","More than 6 times","Total","From 25 to 64 years","Percentage",":",""
"2011","Croatia","Cultural sites (historical monuments, museums, art galleries or archaeological sites)","No response","Total","From 25 to 64 years","Percentage",":",""
"2011","Italy","Cinema","Never","Total","From 25 to 64 years","Percentage","48.4",""
"2011","Italy","Cinema","From 1 to 6 times","Total","From 25 to 64 years","Percentage","38.6",""
"2011","Italy","Cinema","At least once","Total","From 25 to 64 years","Percentage","51.4",""
"2011","Italy","Cinema","More than 6 times","Total","From 25 to 64 years","Percentage","12.8",""
"2011","Italy","Cinema","No response","Total","From 25 to 64 years","Percentage",":","u"
"2011","Italy","Theatre and concerts","Never","Total","From 25 to 64 years","Percentage","56.3",""
"2011","Italy","Theatre and concerts","From 1 to 6 times","Total","From 25 to 64 years","Percentage","36.9",""
"2011","Italy","Theatre and concerts","At least once","Total","From 25 to 64 years","Percentage","43.7",""
"2011","Italy","Theatre and concerts","More than 6 times","Total","From 25 to 64 years","Percentage","6.9",""
"2011","Italy","Theatre and concerts","No response","Total","From 25 to 64 years","Percentage",":",""
"2011","Italy","Cultural sites (historical monuments, museums, art galleries or archaeological sites)","Never","Total","From 25 to 64 years","Percentage","55.5",""
"2011","Italy","Cultural sites (historical monuments, museums, art galleries or archaeological sites)","From 1 to 6 times","Total","From 25 to 64 years","Percentage","37.7",""
"2011","Italy","Cultural sites (historical monuments, museums, art galleries or archaeological sites)","At least once","Total","From 25 to 64 years","Percentage","44.5",""
"2011","Italy","Cultural sites (historical monuments, museums, art galleries or archaeological sites)","More than 6 times","Total","From 25 to 64 years","Percentage","6.8",""
"2011","Italy","Cultural sites (historical monuments, museums, art galleries or archaeological sites)","No response","Total","From 25 to 64 years","Percentage",":",""
"2011","Cyprus","Cinema","Never","Total","From 25 to 64 years","Percentage","65.6",""
"2011","Cyprus","Cinema","From 1 to 6 times","Total","From 25 to 64 years","Percentage","28.1",""
"2011","Cyprus","Cinema","At least once","Total","From 25 to 64 years","Percentage","34.4",""
"2011","Cyprus","Cinema","More than 6 times","Total","From 25 to 64 years","Percentage","6.3",""
"2011","Cyprus","Cinema","No response","Total","From 25 to 64 years","Percentage",":",""
"2011","Cyprus","Theatre and concerts","Never","Total","From 25 to 64 years","Percentage","45.1",""
"2011","Cyprus","Theatre and concerts","From 1 to 6 times","Total","From 25 to 64 years","Percentage","46.6",""
"2011","Cyprus","Theatre and concerts","At least once","Total","From 25 to 64 years","Percentage","54.9",""
"2011","Cyprus","Theatre and concerts","More than 6 times","Total","From 25 to 64 years","Percentage","8.4",""
"2011","Cyprus","Theatre and concerts","No response","Total","From 25 to 64 years","Percentage",":",""
"2011","Cyprus","Cultural sites (historical monuments, museums, art galleries or archaeological sites)","Never","Total","From 25 to 64 years","Percentage","56.8",""
"2011","Cyprus","Cultural sites (historical monuments, museums, art galleries or archaeological sites)","From 1 to 6 times","Total","From 25 to 64 years","Percentage","36.8",""
"2011","Cyprus","Cultural sites (historical monuments, museums, art galleries or archaeological sites)","At least once","Total","From 25 to 64 years","Percentage","43.2",""
"2011","Cyprus","Cultural sites (historical monuments, museums, art galleries or archaeological sites)","More than 6 times","Total","From 25 to 64 years","Percentage","6.4",""
"2011","Cyprus","Cultural sites (historical monuments, museums, art galleries or archaeological sites)","No response","Total","From 25 to 64 years","Percentage",":",""
"2011","Latvia","Cinema","Never","Total","From 25 to 64 years","Percentage","64.9",""
"2011","Latvia","Cinema","From 1 to 6 times","Total","From 25 to 64 years","Percentage","28.9",""
"2011","Latvia","Cinema","At least once","Total","From 25 to 64 years","Percentage","35.1",""
"2011","Latvia","Cinema","More than 6 times","Total","From 25 to 64 years","Percentage","6.1",""
"2011","Latvia","Cinema","No response","Total","From 25 to 64 years","Percentage",":",""
"2011","Latvia","Theatre and concerts","Never","Total","From 25 to 64 years","Percentage","42.3",""
"2011","Latvia","Theatre and concerts","From 1 to 6 times","Total","From 25 to 64 years","Percentage","48.6",""
"2011","Latvia","Theatre and concerts","At least once","Total","From 25 to 64 years","Percentage","57.7",""
"2011","Latvia","Theatre and concerts","More than 6 times","Total","From 25 to 64 years","Percentage","9.1",""
"2011","Latvia","Theatre and concerts","No response","Total","From 25 to 64 years","Percentage",":",""
"2011","Latvia","Cultural sites (historical monuments, museums, art galleries or archaeological sites)","Never","Total","From 25 to 64 years","Percentage","48.1",""
"2011","Latvia","Cultural sites (historical monuments, museums, art galleries or archaeological sites)","From 1 to 6 times","Total","From 25 to 64 years","Percentage","44.1",""
"2011","Latvia","Cultural sites (historical monuments, museums, art galleries or archaeological sites)","At least once","Total","From 25 to 64 years","Percentage","51.9",""
"2011","Latvia","Cultural sites (historical monuments, museums, art galleries or archaeological sites)","More than 6 times","Total","From 25 to 64 years","Percentage","7.8",""
"2011","Latvia","Cultural sites (historical monuments, museums, art galleries or archaeological sites)","No response","Total","From 25 to 64 years","Percentage",":",""
"2011","Lithuania","Cinema","Never","Total","From 25 to 64 years","Percentage","60.3",""
"2011","Lithuania","Cinema","From 1 to 6 times","Total","From 25 to 64 years","Percentage","34.0",""
"2011","Lithuania","Cinema","At least once","Total","From 25 to 64 years","Percentage","39.7",""
"2011","Lithuania","Cinema","More than 6 times","Total","From 25 to 64 years","Percentage","5.6",""
"2011","Lithuania","Cinema","No response","Total","From 25 to 64 years","Percentage",":",""
"2011","Lithuania","Theatre and concerts","Never","Total","From 25 to 64 years","Percentage","42.7",""
"2011","Lithuania","Theatre and concerts","From 1 to 6 times","Total","From 25 to 64 years","Percentage","51.0",""
"2011","Lithuania","Theatre and concerts","At least once","Total","From 25 to 64 years","Percentage","57.3",""
"2011","Lithuania","Theatre and concerts","More than 6 times","Total","From 25 to 64 years","Percentage","6.3",""
"2011","Lithuania","Theatre and concerts","No response","Total","From 25 to 64 years","Percentage",":",""
"2011","Lithuania","Cultural sites (historical monuments, museums, art galleries or archaeological sites)","Never","Total","From 25 to 64 years","Percentage","65.5",""
"2011","Lithuania","Cultural sites (historical monuments, museums, art galleries or archaeological sites)","From 1 to 6 times","Total","From 25 to 64 years","Percentage","31.0",""
"2011","Lithuania","Cultural sites (historical monuments, museums, art galleries or archaeological sites)","At least once","Total","From 25 to 64 years","Percentage","34.5",""
"2011","Lithuania","Cultural sites (historical monuments, museums, art galleries or archaeological sites)","More than 6 times","Total","From 25 to 64 years","Percentage","3.5",""
"2011","Lithuania","Cultural sites (historical monuments, museums, art galleries or archaeological sites)","No response","Total","From 25 to 64 years","Percentage",":",""
"2011","Luxembourg","Cinema","Never","Total","From 25 to 64 years","Percentage","26.3",""
"2011","Luxembourg","Cinema","From 1 to 6 times","Total","From 25 to 64 years","Percentage","56.6",""
"2011","Luxembourg","Cinema","At least once","Total","From 25 to 64 years","Percentage","73.3",""
"2011","Luxembourg","Cinema","More than 6 times","Total","From 25 to 64 years","Percentage","16.7",""
"2011","Luxembourg","Cinema","No response","Total","From 25 to 64 years","Percentage",":","u"
"2011","Luxembourg","Theatre and concerts","Never","Total","From 25 to 64 years","Percentage","21.1",""
"2011","Luxembourg","Theatre and concerts","From 1 to 6 times","Total","From 25 to 64 years","Percentage","60.1",""
"2011","Luxembourg","Theatre and concerts","At least once","Total","From 25 to 64 years","Percentage","77.8",""
"2011","Luxembourg","Theatre and concerts","More than 6 times","Total","From 25 to 64 years","Percentage","17.7",""
"2011","Luxembourg","Theatre and concerts","No response","Total","From 25 to 64 years","Percentage","1.1","u"
"2011","Luxembourg","Cultural sites (historical monuments, museums, art galleries or archaeological sites)","Never","Total","From 25 to 64 years","Percentage","21.2",""
"2011","Luxembourg","Cultural sites (historical monuments, museums, art galleries or archaeological sites)","From 1 to 6 times","Total","From 25 to 64 years","Percentage","59.5",""
"2011","Luxembourg","Cultural sites (historical monuments, museums, art galleries or archaeological sites)","At least once","Total","From 25 to 64 years","Percentage","77.6",""
"2011","Luxembourg","Cultural sites (historical monuments, museums, art galleries or archaeological sites)","More than 6 times","Total","From 25 to 64 years","Percentage","18.1",""
"2011","Luxembourg","Cultural sites (historical monuments, museums, art galleries or archaeological sites)","No response","Total","From 25 to 64 years","Percentage","1.2","u"
"2011","Hungary","Cinema","Never","Total","From 25 to 64 years","Percentage","62.8",""
"2011","Hungary","Cinema","From 1 to 6 times","Total","From 25 to 64 years","Percentage","28.3",""
"2011","Hungary","Cinema","At least once","Total","From 25 to 64 years","Percentage","37.2",""
"2011","Hungary","Cinema","More than 6 times","Total","From 25 to 64 years","Percentage","8.9",""
"2011","Hungary","Cinema","No response","Total","From 25 to 64 years","Percentage",":",""
"2011","Hungary","Theatre and concerts","Never","Total","From 25 to 64 years","Percentage","59.9",""
"2011","Hungary","Theatre and concerts","From 1 to 6 times","Total","From 25 to 64 years","Percentage","32.2",""
"2011","Hungary","Theatre and concerts","At least once","Total","From 25 to 64 years","Percentage","40.1",""
"2011","Hungary","Theatre and concerts","More than 6 times","Total","From 25 to 64 years","Percentage","7.9",""
"2011","Hungary","Theatre and concerts","No response","Total","From 25 to 64 years","Percentage",":",""
"2011","Hungary","Cultural sites (historical monuments, museums, art galleries or archaeological sites)","Never","Total","From 25 to 64 years","Percentage","62.4",""
"2011","Hungary","Cultural sites (historical monuments, museums, art galleries or archaeological sites)","From 1 to 6 times","Total","From 25 to 64 years","Percentage","30.2",""
"2011","Hungary","Cultural sites (historical monuments, museums, art galleries or archaeological sites)","At least once","Total","From 25 to 64 years","Percentage","37.6",""
"2011","Hungary","Cultural sites (historical monuments, museums, art galleries or archaeological sites)","More than 6 times","Total","From 25 to 64 years","Percentage","7.4",""
"2011","Hungary","Cultural sites (historical monuments, museums, art galleries or archaeological sites)","No response","Total","From 25 to 64 years","Percentage",":",""
"2011","Malta","Cinema","Never","Total","From 25 to 64 years","Percentage","53.8",""
"2011","Malta","Cinema","From 1 to 6 times","Total","From 25 to 64 years","Percentage","35.6",""
"2011","Malta","Cinema","At least once","Total","From 25 to 64 years","Percentage","46.2",""
"2011","Malta","Cinema","More than 6 times","Total","From 25 to 64 years","Percentage","10.6",""
"2011","Malta","Cinema","No response","Total","From 25 to 64 years","Percentage",":",""
"2011","Malta","Theatre and concerts","Never","Total","From 25 to 64 years","Percentage","54.7",""
"2011","Malta","Theatre and concerts","From 1 to 6 times","Total","From 25 to 64 years","Percentage","38.4",""
"2011","Malta","Theatre and concerts","At least once","Total","From 25 to 64 years","Percentage","45.2",""
"2011","Malta","Theatre and concerts","More than 6 times","Total","From 25 to 64 years","Percentage","6.8",""
"2011","Malta","Theatre and concerts","No response","Total","From 25 to 64 years","Percentage",":","u"
"2011","Malta","Cultural sites (historical monuments, museums, art galleries or archaeological sites)","Never","Total","From 25 to 64 years","Percentage","52.8",""
"2011","Malta","Cultural sites (historical monuments, museums, art galleries or archaeological sites)","From 1 to 6 times","Total","From 25 to 64 years","Percentage","36.5",""
"2011","Malta","Cultural sites (historical monuments, museums, art galleries or archaeological sites)","At least once","Total","From 25 to 64 years","Percentage","47.2",""
"2011","Malta","Cultural sites (historical monuments, museums, art galleries or archaeological sites)","More than 6 times","Total","From 25 to 64 years","Percentage","10.6",""
"2011","Malta","Cultural sites (historical monuments, museums, art galleries or archaeological sites)","No response","Total","From 25 to 64 years","Percentage",":",""
"2011","Austria","Cinema","Never","Total","From 25 to 64 years","Percentage","43.7",""
"2011","Austria","Cinema","From 1 to 6 times","Total","From 25 to 64 years","Percentage","46.5",""
"2011","Austria","Cinema","At least once","Total","From 25 to 64 years","Percentage","56.1",""
"2011","Austria","Cinema","More than 6 times","Total","From 25 to 64 years","Percentage","9.6",""
"2011","Austria","Cinema","No response","Total","From 25 to 64 years","Percentage",":","u"
"2011","Austria","Theatre and concerts","Never","Total","From 25 to 64 years","Percentage","43.4",""
"2011","Austria","Theatre and concerts","From 1 to 6 times","Total","From 25 to 64 years","Percentage","47.2",""
"2011","Austria","Theatre and concerts","At least once","Total","From 25 to 64 years","Percentage","56.4",""
"2011","Austria","Theatre and concerts","More than 6 times","Total","From 25 to 64 years","Percentage","9.2",""
"2011","Austria","Theatre and concerts","No response","Total","From 25 to 64 years","Percentage",":","u"
"2011","Austria","Cultural sites (historical monuments, museums, art galleries or archaeological sites)","Never","Total","From 25 to 64 years","Percentage","39.7",""
"2011","Austria","Cultural sites (historical monuments, museums, art galleries or archaeological sites)","From 1 to 6 times","Total","From 25 to 64 years","Percentage","51.4",""
"2011","Austria","Cultural sites (historical monuments, museums, art galleries or archaeological sites)","At least once","Total","From 25 to 64 years","Percentage","60.0",""
"2011","Austria","Cultural sites (historical monuments, museums, art galleries or archaeological sites)","More than 6 times","Total","From 25 to 64 years","Percentage","8.6",""
"2011","Austria","Cultural sites (historical monuments, museums, art galleries or archaeological sites)","No response","Total","From 25 to 64 years","Percentage",":","u"
"2011","Poland","Cinema","Never","Total","From 25 to 64 years","Percentage","52.9",""
"2011","Poland","Cinema","From 1 to 6 times","Total","From 25 to 64 years","Percentage","37.8",""
"2011","Poland","Cinema","At least once","Total","From 25 to 64 years","Percentage","46.9",""
"2011","Poland","Cinema","More than 6 times","Total","From 25 to 64 years","Percentage","9.1",""
"2011","Poland","Cinema","No response","Total","From 25 to 64 years","Percentage","0.1","u"
"2011","Poland","Theatre and concerts","Never","Total","From 25 to 64 years","Percentage","64.0",""
"2011","Poland","Theatre and concerts","From 1 to 6 times","Total","From 25 to 64 years","Percentage","31.2",""
"2011","Poland","Theatre and concerts","At least once","Total","From 25 to 64 years","Percentage","35.8",""
"2011","Poland","Theatre and concerts","More than 6 times","Total","From 25 to 64 years","Percentage","4.7",""
"2011","Poland","Theatre and concerts","No response","Total","From 25 to 64 years","Percentage","0.2","u"
"2011","Poland","Cultural sites (historical monuments, museums, art galleries or archaeological sites)","Never","Total","From 25 to 64 years","Percentage","58.5",""
"2011","Poland","Cultural sites (historical monuments, museums, art galleries or archaeological sites)","From 1 to 6 times","Total","From 25 to 64 years","Percentage","34.7",""
"2011","Poland","Cultural sites (historical monuments, museums, art galleries or archaeological sites)","At least once","Total","From 25 to 64 years","Percentage","41.3",""
"2011","Poland","Cultural sites (historical monuments, museums, art galleries or archaeological sites)","More than 6 times","Total","From 25 to 64 years","Percentage","6.6",""
"2011","Poland","Cultural sites (historical monuments, museums, art galleries or archaeological sites)","No response","Total","From 25 to 64 years","Percentage","0.2","u"
"2011","Portugal","Cinema","Never","Total","From 25 to 64 years","Percentage","63.2",""
"2011","Portugal","Cinema","From 1 to 6 times","Total","From 25 to 64 years","Percentage","26.0",""
"2011","Portugal","Cinema","At least once","Total","From 25 to 64 years","Percentage","36.8",""
"2011","Portugal","Cinema","More than 6 times","Total","From 25 to 64 years","Percentage","10.8",""
"2011","Portugal","Cinema","No response","Total","From 25 to 64 years","Percentage",":",""
"2011","Portugal","Theatre and concerts","Never","Total","From 25 to 64 years","Percentage","43.8",""
"2011","Portugal","Theatre and concerts","From 1 to 6 times","Total","From 25 to 64 years","Percentage","45.9",""
"2011","Portugal","Theatre and concerts","At least once","Total","From 25 to 64 years","Percentage","56.2",""
"2011","Portugal","Theatre and concerts","More than 6 times","Total","From 25 to 64 years","Percentage","10.3",""
"2011","Portugal","Theatre and concerts","No response","Total","From 25 to 64 years","Percentage",":",""
"2011","Portugal","Cultural sites (historical monuments, museums, art galleries or archaeological sites)","Never","Total","From 25 to 64 years","Percentage","58.6",""
"2011","Portugal","Cultural sites (historical monuments, museums, art galleries or archaeological sites)","From 1 to 6 times","Total","From 25 to 64 years","Percentage","33.8",""
"2011","Portugal","Cultural sites (historical monuments, museums, art galleries or archaeological sites)","At least once","Total","From 25 to 64 years","Percentage","41.4",""
"2011","Portugal","Cultural sites (historical monuments, museums, art galleries or archaeological sites)","More than 6 times","Total","From 25 to 64 years","Percentage","7.6",""
"2011","Portugal","Cultural sites (historical monuments, museums, art galleries or archaeological sites)","No response","Total","From 25 to 64 years","Percentage",":",""
"2011","Romania","Cinema","Never","Total","From 25 to 64 years","Percentage","82.8",""
"2011","Romania","Cinema","From 1 to 6 times","Total","From 25 to 64 years","Percentage","13.7",""
"2011","Romania","Cinema","At least once","Total","From 25 to 64 years","Percentage","15.7",""
"2011","Romania","Cinema","More than 6 times","Total","From 25 to 64 years","Percentage","2.0",""
"2011","Romania","Cinema","No response","Total","From 25 to 64 years","Percentage","1.5",""
"2011","Romania","Theatre and concerts","Never","Total","From 25 to 64 years","Percentage","72.7",""
"2011","Romania","Theatre and concerts","From 1 to 6 times","Total","From 25 to 64 years","Percentage","23.2",""
"2011","Romania","Theatre and concerts","At least once","Total","From 25 to 64 years","Percentage","25.7",""
"2011","Romania","Theatre and concerts","More than 6 times","Total","From 25 to 64 years","Percentage","2.5",""
"2011","Romania","Theatre and concerts","No response","Total","From 25 to 64 years","Percentage","1.6",""
"2011","Romania","Cultural sites (historical monuments, museums, art galleries or archaeological sites)","Never","Total","From 25 to 64 years","Percentage","80.6",""
"2011","Romania","Cultural sites (historical monuments, museums, art galleries or archaeological sites)","From 1 to 6 times","Total","From 25 to 64 years","Percentage","13.9",""
"2011","Romania","Cultural sites (historical monuments, museums, art galleries or archaeological sites)","At least once","Total","From 25 to 64 years","Percentage","17.7",""
"2011","Romania","Cultural sites (historical monuments, museums, art galleries or archaeological sites)","More than 6 times","Total","From 25 to 64 years","Percentage","3.7",""
"2011","Romania","Cultural sites (historical monuments, museums, art galleries or archaeological sites)","No response","Total","From 25 to 64 years","Percentage","1.8",""
"2011","Slovenia","Cinema","Never","Total","From 25 to 64 years","Percentage","58.2",""
"2011","Slovenia","Cinema","From 1 to 6 times","Total","From 25 to 64 years","Percentage","34.5",""
"2011","Slovenia","Cinema","At least once","Total","From 25 to 64 years","Percentage","41.8",""
"2011","Slovenia","Cinema","More than 6 times","Total","From 25 to 64 years","Percentage","7.3",""
"2011","Slovenia","Cinema","No response","Total","From 25 to 64 years","Percentage",":",""
"2011","Slovenia","Theatre and concerts","Never","Total","From 25 to 64 years","Percentage","50.5",""
"2011","Slovenia","Theatre and concerts","From 1 to 6 times","Total","From 25 to 64 years","Percentage","40.0",""
"2011","Slovenia","Theatre and concerts","At least once","Total","From 25 to 64 years","Percentage","49.5",""
"2011","Slovenia","Theatre and concerts","More than 6 times","Total","From 25 to 64 years","Percentage","9.5",""
"2011","Slovenia","Theatre and concerts","No response","Total","From 25 to 64 years","Percentage",":",""
"2011","Slovenia","Cultural sites (historical monuments, museums, art galleries or archaeological sites)","Never","Total","From 25 to 64 years","Percentage","40.8",""
"2011","Slovenia","Cultural sites (historical monuments, museums, art galleries or archaeological sites)","From 1 to 6 times","Total","From 25 to 64 years","Percentage","48.7",""
"2011","Slovenia","Cultural sites (historical monuments, museums, art galleries or archaeological sites)","At least once","Total","From 25 to 64 years","Percentage","59.2",""
"2011","Slovenia","Cultural sites (historical monuments, museums, art galleries or archaeological sites)","More than 6 times","Total","From 25 to 64 years","Percentage","10.5",""
"2011","Slovenia","Cultural sites (historical monuments, museums, art galleries or archaeological sites)","No response","Total","From 25 to 64 years","Percentage",":",""
"2011","Slovakia","Cinema","Never","Total","From 25 to 64 years","Percentage","50.5",""
"2011","Slovakia","Cinema","From 1 to 6 times","Total","From 25 to 64 years","Percentage","42.6",""
"2011","Slovakia","Cinema","At least once","Total","From 25 to 64 years","Percentage","49.5",""
"2011","Slovakia","Cinema","More than 6 times","Total","From 25 to 64 years","Percentage","6.9",""
"2011","Slovakia","Cinema","No response","Total","From 25 to 64 years","Percentage",":",""
"2011","Slovakia","Theatre and concerts","Never","Total","From 25 to 64 years","Percentage","32.0",""
"2011","Slovakia","Theatre and concerts","From 1 to 6 times","Total","From 25 to 64 years","Percentage","53.8",""
"2011","Slovakia","Theatre and concerts","At least once","Total","From 25 to 64 years","Percentage","68.0",""
"2011","Slovakia","Theatre and concerts","More than 6 times","Total","From 25 to 64 years","Percentage","14.2",""
"2011","Slovakia","Theatre and concerts","No response","Total","From 25 to 64 years","Percentage",":",""
"2011","Slovakia","Cultural sites (historical monuments, museums, art galleries or archaeological sites)","Never","Total","From 25 to 64 years","Percentage","47.1",""
"2011","Slovakia","Cultural sites (historical monuments, museums, art galleries or archaeological sites)","From 1 to 6 times","Total","From 25 to 64 years","Percentage","45.5",""
"2011","Slovakia","Cultural sites (historical monuments, museums, art galleries or archaeological sites)","At least once","Total","From 25 to 64 years","Percentage","52.9",""
"2011","Slovakia","Cultural sites (historical monuments, museums, art galleries or archaeological sites)","More than 6 times","Total","From 25 to 64 years","Percentage","7.5",""
"2011","Slovakia","Cultural sites (historical monuments, museums, art galleries or archaeological sites)","No response","Total","From 25 to 64 years","Percentage",":",""
"2011","Finland","Cinema","Never","Total","From 25 to 64 years","Percentage","42.1",""
"2011","Finland","Cinema","From 1 to 6 times","Total","From 25 to 64 years","Percentage","49.6",""
"2011","Finland","Cinema","At least once","Total","From 25 to 64 years","Percentage","57.8",""
"2011","Finland","Cinema","More than 6 times","Total","From 25 to 64 years","Percentage","8.2",""
"2011","Finland","Cinema","No response","Total","From 25 to 64 years","Percentage",":","u"
"2011","Finland","Theatre and concerts","Never","Total","From 25 to 64 years","Percentage","33.8",""
"2011","Finland","Theatre and concerts","From 1 to 6 times","Total","From 25 to 64 years","Percentage","53.0",""
"2011","Finland","Theatre and concerts","At least once","Total","From 25 to 64 years","Percentage","66.2",""
"2011","Finland","Theatre and concerts","More than 6 times","Total","From 25 to 64 years","Percentage","13.2",""
"2011","Finland","Theatre and concerts","No response","Total","From 25 to 64 years","Percentage",":","u"
"2011","Finland","Cultural sites (historical monuments, museums, art galleries or archaeological sites)","Never","Total","From 25 to 64 years","Percentage","44.8",""
"2011","Finland","Cultural sites (historical monuments, museums, art galleries or archaeological sites)","From 1 to 6 times","Total","From 25 to 64 years","Percentage","48.0",""
"2011","Finland","Cultural sites (historical monuments, museums, art galleries or archaeological sites)","At least once","Total","From 25 to 64 years","Percentage","55.1",""
"2011","Finland","Cultural sites (historical monuments, museums, art galleries or archaeological sites)","More than 6 times","Total","From 25 to 64 years","Percentage","7.2",""
"2011","Finland","Cultural sites (historical monuments, museums, art galleries or archaeological sites)","No response","Total","From 25 to 64 years","Percentage",":","u"
"2011","United Kingdom","Cinema","Never","Total","From 25 to 64 years","Percentage","35.2",""
"2011","United Kingdom","Cinema","From 1 to 6 times","Total","From 25 to 64 years","Percentage","43.4",""
"2011","United Kingdom","Cinema","At least once","Total","From 25 to 64 years","Percentage","64.7",""
"2011","United Kingdom","Cinema","More than 6 times","Total","From 25 to 64 years","Percentage","21.3",""
"2011","United Kingdom","Cinema","No response","Total","From 25 to 64 years","Percentage",":","u"
"2011","United Kingdom","Theatre and concerts","Never","Total","From 25 to 64 years","Percentage",":",""
"2011","United Kingdom","Theatre and concerts","From 1 to 6 times","Total","From 25 to 64 years","Percentage",":",""
"2011","United Kingdom","Theatre and concerts","At least once","Total","From 25 to 64 years","Percentage",":",""
"2011","United Kingdom","Theatre and concerts","More than 6 times","Total","From 25 to 64 years","Percentage",":",""
"2011","United Kingdom","Theatre and concerts","No response","Total","From 25 to 64 years","Percentage",":",""
"2011","United Kingdom","Cultural sites (historical monuments, museums, art galleries or archaeological sites)","Never","Total","From 25 to 64 years","Percentage",":",""
"2011","United Kingdom","Cultural sites (historical monuments, museums, art galleries or archaeological sites)","From 1 to 6 times","Total","From 25 to 64 years","Percentage",":",""
"2011","United Kingdom","Cultural sites (historical monuments, museums, art galleries or archaeological sites)","At least once","Total","From 25 to 64 years","Percentage",":",""
"2011","United Kingdom","Cultural sites (historical monuments, museums, art galleries or archaeological sites)","More than 6 times","Total","From 25 to 64 years","Percentage",":",""
"2011","United Kingdom","Cultural sites (historical monuments, museums, art galleries or archaeological sites)","No response","Total","From 25 to 64 years","Percentage",":",""
"2011","Serbia","Cinema","Never","Total","From 25 to 64 years","Percentage","78.0",""
"2011","Serbia","Cinema","From 1 to 6 times","Total","From 25 to 64 years","Percentage","17.3",""
"2011","Serbia","Cinema","At least once","Total","From 25 to 64 years","Percentage","21.2",""
"2011","Serbia","Cinema","More than 6 times","Total","From 25 to 64 years","Percentage","3.9",""
"2011","Serbia","Cinema","No response","Total","From 25 to 64 years","Percentage","0.8",""
"2011","Serbia","Theatre and concerts","Never","Total","From 25 to 64 years","Percentage","63.9",""
"2011","Serbia","Theatre and concerts","From 1 to 6 times","Total","From 25 to 64 years","Percentage","27.0",""
"2011","Serbia","Theatre and concerts","At least once","Total","From 25 to 64 years","Percentage","35.4",""
"2011","Serbia","Theatre and concerts","More than 6 times","Total","From 25 to 64 years","Percentage","8.3",""
"2011","Serbia","Theatre and concerts","No response","Total","From 25 to 64 years","Percentage","0.8",""
"2011","Serbia","Cultural sites (historical monuments, museums, art galleries or archaeological sites)","Never","Total","From 25 to 64 years","Percentage","72.6",""
"2011","Serbia","Cultural sites (historical monuments, museums, art galleries or archaeological sites)","From 1 to 6 times","Total","From 25 to 64 years","Percentage","14.5",""
"2011","Serbia","Cultural sites (historical monuments, museums, art galleries or archaeological sites)","At least once","Total","From 25 to 64 years","Percentage","26.5",""
"2011","Serbia","Cultural sites (historical monuments, museums, art galleries or archaeological sites)","More than 6 times","Total","From 25 to 64 years","Percentage","11.9",""
"2011","Serbia","Cultural sites (historical monuments, museums, art galleries or archaeological sites)","No response","Total","From 25 to 64 years","Percentage","0.9",""
"2011","Turkey","Cinema","Never","Total","From 25 to 64 years","Percentage","77.0",""
"2011","Turkey","Cinema","From 1 to 6 times","Total","From 25 to 64 years","Percentage","18.8",""
"2011","Turkey","Cinema","At least once","Total","From 25 to 64 years","Percentage","23.0",""
"2011","Turkey","Cinema","More than 6 times","Total","From 25 to 64 years","Percentage","4.2",""
"2011","Turkey","Cinema","No response","Total","From 25 to 64 years","Percentage",":",""
"2011","Turkey","Theatre and concerts","Never","Total","From 25 to 64 years","Percentage","82.7",""
"2011","Turkey","Theatre and concerts","From 1 to 6 times","Total","From 25 to 64 years","Percentage","15.3",""
"2011","Turkey","Theatre and concerts","At least once","Total","From 25 to 64 years","Percentage","17.3",""
"2011","Turkey","Theatre and concerts","More than 6 times","Total","From 25 to 64 years","Percentage","2.0",""
"2011","Turkey","Theatre and concerts","No response","Total","From 25 to 64 years","Percentage",":",""
"2011","Turkey","Cultural sites (historical monuments, museums, art galleries or archaeological sites)","Never","Total","From 25 to 64 years","Percentage","74.6",""
"2011","Turkey","Cultural sites (historical monuments, museums, art galleries or archaeological sites)","From 1 to 6 times","Total","From 25 to 64 years","Percentage","22.3",""
"2011","Turkey","Cultural sites (historical monuments, museums, art galleries or archaeological sites)","At least once","Total","From 25 to 64 years","Percentage","25.4",""
"2011","Turkey","Cultural sites (historical monuments, museums, art galleries or archaeological sites)","More than 6 times","Total","From 25 to 64 years","Percentage","3.1",""
"2011","Turkey","Cultural sites (historical monuments, museums, art galleries or archaeological sites)","No response","Total","From 25 to 64 years","Percentage",":",""
